[
    {
        "id": 1,
        "title": "Project A",
        "description": "Lorem ipsum dolor sit amet, consectetur adipisicing elit. Cumque sunt saepe vel atque, minus nemo qui eveniet aliquam itaque eligendi impedit perspiciatis corrupti. Blanditiis esse tempora necessitatibus, vitae obcaecati nam.",
        "createdAt": "2025-10-05",
        "status": "in_progress",
        "priority": "medium",
        "deadline": "2025-10-30"
    },
    {
        "id": 2,
        "title": "Project B",
        "description": "Lorem ipsum dolor sit amet, consectetur adipisicing elit. Cumque sunt saepe vel atque, minus nemo qui eveniet aliquam itaque eligendi impedit perspiciatis corrupti. Blanditiis esse tempora necessitatibus, vitae obcaecati nam.",
        "createdAt": "2025-10-10",
        "status": "todo",
        "priority": "high",
        "deadline": "2025-10-15"
    },
    {
        "id": 3,
        "title": "Project C",
        "description": "Lorem ipsum dolor sit amet, consectetur adipisicing elit. Cumque sunt saepe vel atque, minus nemo qui eveniet aliquam itaque eligendi impedit perspiciatis corrupti. Blanditiis esse tempora necessitatibus, vitae obcaecati nam.",
        "createdAt": "2025-09-30",
        "status": "done",
        "priority": "low",
        "deadline": "2025-10-02"
    },
    {
        "id": 4,
        "title": "Project D",
        "description": "Lorem ipsum dolor sit amet, consectetur adipisicing elit. Cumque sunt saepe vel atque, minus nemo qui eveniet aliquam itaque eligendi impedit perspiciatis corrupti. Blanditiis esse tempora necessitatibus, vitae obcaecati nam.",
        "createdAt": "2025-09-27",
        "status": "todo",
        "priority": "low",
        "deadline": "2025-10-28"
    },
    {
        "id": 5,
        "title": "Project E",
        "description": "Lorem ipsum dolor sit amet, consectetur adipisicing elit. Cumque sunt saepe vel atque, minus nemo qui eveniet aliquam itaque eligendi impedit perspiciatis corrupti. Blanditiis esse tempora necessitatibus, vitae obcaecati nam.",
        "createdAt": "2025-10-01",
        "status": "in_progress",
        "priority": "medium",
        "deadline": "2025-10-20"
    },
    {
        "id": 6,
        "title": "Project F",
        "description": "Lorem ipsum dolor sit amet, consectetur adipisicing elit. Cumque sunt saepe vel atque, minus nemo qui eveniet aliquam itaque eligendi impedit perspiciatis corrupti. Blanditiis esse tempora necessitatibus, vitae obcaecati nam.",
        "createdAt": "2025-10-02",
        "status": "todo",
        "priority": "high",
        "deadline": "2025-11-30"
    },
    {
        "id": 7,
        "title": "Project G",
        "description": "Lorem ipsum dolor sit amet, consectetur adipisicing elit. Cumque sunt saepe vel atque, minus nemo qui eveniet aliquam itaque eligendi impedit perspiciatis corrupti. Blanditiis esse tempora necessitatibus, vitae obcaecati nam.",
        "createdAt": "2025-09-25",
        "status": "in_progress",
        "priority": "medium",
        "deadline": "2025-10-15"
    },
    {
        "id": 8,
        "title": "Project H",
        "description": "Lorem ipsum dolor sit amet, consectetur adipisicing elit. Cumque sunt saepe vel atque, minus nemo qui eveniet aliquam itaque eligendi impedit perspiciatis corrupti. Blanditiis esse tempora necessitatibus, vitae obcaecati nam.",
        "createdAt": "2025-09-13",
        "status": "in_progress",
        "priority": "medium",
        "deadline": "2025-10-30"
    },
    {
        "id": 9,
        "title": "Project I",
        "description": "Lorem ipsum dolor sit amet, consectetur adipisicing elit. Cumque sunt saepe vel atque, minus nemo qui eveniet aliquam itaque eligendi impedit perspiciatis corrupti. Blanditiis esse tempora necessitatibus, vitae obcaecati nam.",
        "createdAt": "2025-10-13",
        "priority": "high",
        "deadline": "2025-11-15"
    },
    {
        "id": 10,
        "title": "Project J",
        "description": "Lorem ipsum dolor sit amet, consectetur adipisicing elit. Cumque sunt saepe vel atque, minus nemo qui eveniet aliquam itaque eligendi impedit perspiciatis corrupti. Blanditiis esse tempora necessitatibus, vitae obcaecati nam.",
        "createdAt": "2025-10-04",
        "status": "todo",
        "priority": "low",
        "deadline": "2025-11-21"
    }
]